{
    "cat_id_encoded": 36.716256879748315,
    "amount": 26.912741308177193,
    "one_city_encoded": 10.785451947120233,
    "hour": 6.806427787030284,
    "amount_to_mean_ratio": 4.266318660347876
}